<code_scheme name="Default" version="173">
  <option name="RIGHT_MARGIN" value="125" />
  <SqlCodeStyleSettings version="6">
    <option name="DISABLE_FORMATTING" value="true" />
    <option name="KEYWORD_CASE" value="2" />
    <option name="TYPE_CASE" value="3" />
    <option name="CUSTOM_TYPE_CASE" value="3" />
    <option name="QUERY_SECTION_1ST_WORD_ALIGN" value="0" />
    <option name="QUERY_EL_LINE" value="0" />
    <option name="QUERY_IN_ONE_STRING" value="0" />
    <option name="QUERY_TRUE_INDENT" value="false" />
    <option name="QUERY_ALIGN_ELEMENTS" value="false" />
    <option name="QUERY_ALIGN_LINE_COMMENTS" value="false" />
    <option name="INSERT_OPENING" value="0" />
    <option name="INSERT_CONTENT" value="0" />
    <option name="INSERT_CLOSING" value="0" />
    <option name="INSERT_EL_WRAP" value="0" />
    <option name="SET_EL_WRAP" value="0" />
    <option name="SET_ALIGN_EQUAL_SIGN" value="false" />
    <option name="WITH_EL_WRAP" value="0" />
    <option name="SELECT_EL_WRAP" value="0" />
    <option name="SELECT_ALIGN_AS" value="false" />
    <option name="FROM_EL_WRAP" value="0" />
    <option name="FROM_WRAP_JOIN_1" value="false" />
    <option name="FROM_WRAP_JOIN_2" value="false" />
    <option name="FROM_INDENT_JOIN" value="false" />
    <option name="FROM_ONLY_JOIN_INDENT" value="2" />
    <option name="FROM_PLACE_ON" value="11" />
    <option name="WHERE_EL_WRAP" value="0" />
    <option name="WHERE_EL_BOUND" value="0" />
    <option name="ORDER_EL_WRAP" value="0" />
    <option name="TABLE_OPENING" value="1" />
    <option name="TABLE_CONTENT" value="2" />
    <option name="TABLE_CLOSING" value="3" />
    <option name="TABLE_TYPES_ALIGN" value="false" />
    <option name="TABLE_DEFAULTS_ALIGN" value="false" />
    <option name="TABLE_NULLABILITIES_ALIGN" value="false" />
    <option name="TABLE_ALTER_INSTRUCTION_WRAP" value="0" />
    <option name="TABLE_ALTER_INSTRUCTION_INDENT" value="false" />
    <option name="TABLE_ALTER_INSTRUCTION_ALIGN" value="false" />
    <option name="TABLE_ALTER_ITEM_INDENT" value="false" />
    <option name="TABLE_ALTER_ITEM_ALIGN" value="false" />
    <option name="CONSTRAINT_WRAP_1" value="false" />
    <option name="POST_OPT_WRAP_2" value="false" />
    <option name="POST_OPT_INDENT" value="false" />
    <option name="POST_OPT_ALIGN" value="false" />
    <option name="CREATE_SCHEMA_CONTENT_INDENT" value="false" />
    <option name="ROUTINE_ARG_OPENING" value="0" />
    <option name="ROUTINE_ARG_WRAP" value="0" />
    <option name="ROUTINE_PG_L_QUOTE_WRAP_BEFORE" value="false" />
    <option name="ROUTINE_PG_L_QUOTE_WRAP_AFTER" value="false" />
    <option name="ROUTINE_PG_R_QUOTE_WRAP_BEFORE" value="false" />
    <option name="IMP_DECLARE_CONTENT_WRAP" value="false" />
    <option name="IMP_DECLARE_ALIGN_TYPE" value="false" />
    <option name="IMP_DECLARE_ALIGN_EQ" value="false" />
    <option name="IMP_IF_THEN_WRAP_ELSE" value="false" />
    <option name="IMP_IF_THEN_WRAP_INNER" value="false" />
    <option name="IMP_IF_THEN_COLLAPSE" value="false" />
    <option name="IMP_LOOP_LOOP_WRAP" value="false" />
    <option name="IMP_LOOP_LOOP_INDENT" value="false" />
    <option name="CORTEGE_SPACE_BEFORE_L_PAREN" value="false" />
    <option name="CORTEGE_SPACE_AFTER_COMMA" value="false" />
    <option name="EXPR_BINARY_OP_ALIGN" value="false" />
    <option name="EXPR_CASE_END" value="1" />
  </SqlCodeStyleSettings>
  <codeStyleSettings language="SQL">
    <option name="KEEP_LINE_BREAKS" value="false" />
    <option name="KEEP_FIRST_COLUMN_COMMENT" value="false" />
    <indentOptions>
      <option name="INDENT_SIZE" value="2" />
      <option name="CONTINUATION_INDENT_SIZE" value="2" />
      <option name="TAB_SIZE" value="2" />
    </indentOptions>
  </codeStyleSettings>
</code_scheme>