<application>
  <component name="FeatureSuggesterSettings">
    <option name="workingDays">
      <list>
        <option value="1674151985879" />
        <option value="1674250149453" />
        <option value="1674497592236" />
        <option value="1674766398919" />
        <option value="1674842340040" />
        <option value="1674935373747" />
        <option value="1675102453760" />
        <option value="1675199231116" />
        <option value="1675275642123" />
        <option value="1675380507229" />
        <option value="1675466244233" />
        <option value="1675542398790" />
        <option value="1675643316042" />
        <option value="1675707041707" />
        <option value="1675792763972" />
        <option value="1675843205868" />
        <option value="1675974361399" />
        <option value="1676053360278" />
        <option value="1676422779618" />
        <option value="1676500262780" />
        <option value="1676579930822" />
        <option value="1676658961224" />
        <option value="1676853698834" />
        <option value="1676883603103" />
        <option value="1676966407501" />
        <option value="1677093632313" />
        <option value="1677139204022" />
        <option value="1677226787978" />
        <option value="1677521681826" />
        <option value="1677621384108" />
      </list>
    </option>
  </component>
</application>